status,title,company,location,date,blurb,tags,link,id,provider,query,locale,wage,remoteness
NEW,Full Stack Engineer,Piper Companies,"Durham, NC",2025-06-21,"Investigate, troubleshoot, and resolve software bugs and technical issues across the stack. Build and maintain scalable RESTful APIs and intuitive user interfaces that support seamless user…","Remote: Hybrid work
Benefits: Health insurance, Dental insurance, 401(k), Paid time off
Schedules: Holidays",https://www.indeed.com/m/viewjob?jk=4fa75ee61a248937,IndeedScraperUSAEng_4fa75ee61a248937,IndeedScraperUSAEng,Software Developer Data Analyst Project Manager,USA_ENGLISH,$82000 - $120000 yearly,TEMPORARILY_REMOTE
NEW,IT Analyst,School of Government Services,"Chapel Hill, NC 27514",2025-06-21,Progressive to extensive SQL programming skills and knowledge of data analysis tools to optimize query and process performance while maintaining data privacy and security.,"Job types: Full-time
Remote: Hybrid work
Benefits: Paid parental leave, Health savings account, Paid holidays, Disability insurance, Health insurance, Dental insurance, Flexible spending account, Parental leave, Vision insurance, 403(b), Life insurance
Job types cc: Permanent, Full-time",https://www.indeed.com/m/viewjob?jk=a0134c048dc9d5af,IndeedScraperUSAEng_a0134c048dc9d5af,IndeedScraperUSAEng,Software Developer Data Analyst Project Manager,USA_ENGLISH,$90000 - $102000 yearly,TEMPORARILY_REMOTE
NEW,Web Specialist,State of North Carolina,"Raleigh, NC 27603",2025-06-20,"Knowledge of: project plan development; project implementation; digital and web technologies, development, and best practices; mobile and web-based applications; experience working with servers and…","Job types: Full-time
Benefits: Free parking, Health insurance, 401(k), Lunch & learns
Job types cc: Full-time
Schedules: Monday to Friday",https://www.indeed.com/m/viewjob?jk=8a8f68cf025906f0,IndeedScraperUSAEng_8a8f68cf025906f0,IndeedScraperUSAEng,Software Developer Data Analyst Project Manager,USA_ENGLISH,$74426 - $123985 yearly,UNKNOWN
NEW,Full Stack engineer,Piper Companies,"Durham, NC",2025-06-21,A deep understanding of database design and data modeling principles. Investigate and resolve software bugs to ensure a stable and reliable user experience. Hourly rate: $45 - $60hr.,"Remote: Hybrid work
Benefits: Paid holidays, Health insurance, Dental insurance, Paid time off, Vision insurance, 401(k) matching",https://www.indeed.com/m/viewjob?jk=5716ecfdb9faaaf7,IndeedScraperUSAEng_5716ecfdb9faaaf7,IndeedScraperUSAEng,Software Developer Data Analyst Project Manager,USA_ENGLISH,$45 - $60 hourly,TEMPORARILY_REMOTE
NEW,"Project Manager II, IS-Data Analytics",WakeMed Health & Hospitals,"Raleigh, NC 27604",2025-06-21,"Responsibilities include: lead cross-functional teams to deliver data analytics projects, including dashboards, predictive models, and data infrastructure improvements; define project scope, goals,…","Job types: Full-time
Job types cc: Full-time",https://www.indeed.com/m/viewjob?jk=4f5bc435f5125e04,IndeedScraperUSAEng_4f5bc435f5125e04,IndeedScraperUSAEng,Software Developer Data Analyst Project Manager,USA_ENGLISH,,UNKNOWN
NEW,Frontend UI Engineer,Piper Companies,"Cary, NC",2025-06-21,"Leverage strong knowledge of software design and architecture patterns to guide solution development and technical decision-making. Keywords: UI/UX engineer, business solutions, front end, frontend,…","Remote: Hybrid work
Benefits: Paid holidays, Health insurance, Dental insurance, Paid time off, Vision insurance, 401(k) matching",https://www.indeed.com/m/viewjob?jk=cb78f7f273293f5d,IndeedScraperUSAEng_cb78f7f273293f5d,IndeedScraperUSAEng,Software Developer Data Analyst Project Manager,USA_ENGLISH,$115000 - $145000 yearly,TEMPORARILY_REMOTE
NEW,Data Analyst,University of North Carolina at Chapel Hill,"Chapel Hill, NC 27599",2025-06-20,Ability to communicate complex data insights in a clear and actionable manner. Analyze potential prospects’ performance data to prepare in-depth profiles and evaluations of prospects.,"Job types: Temporary, Full-time
Job types cc: Temporary, Full-time
Schedules: Weekends as needed, Monday to Friday, Holidays",https://www.indeed.com/m/viewjob?jk=0fdadb30215d1973,IndeedScraperUSAEng_0fdadb30215d1973,IndeedScraperUSAEng,Software Developer Data Analyst Project Manager,USA_ENGLISH,$20.4 - $20.4 hourly,UNKNOWN
NEW,Senior Business Analyst,Royal Bank of Canada,"Raleigh, NC 27617",2025-06-20,"Build and maintain a repository of reusable requirements to support future projects and knowledge sharing. Experience working on agile projects, or a strong understanding of the differences between…","Job types: Full-time
Remote: Hybrid work
Job types cc: Full-time",https://www.indeed.com/m/viewjob?jk=ad29a767dfb0caf1,IndeedScraperUSAEng_ad29a767dfb0caf1,IndeedScraperUSAEng,Software Developer Data Analyst Project Manager,USA_ENGLISH,,TEMPORARILY_REMOTE
NEW,Web Specialist,State of North Carolina - Administrative Office of the Courts,"Wake County, NC",2025-06-20,"Determine requirements and business needs for projects. Knowledge of: project plan development; project implementation; digital and web technologies, development, and best practices; mobile and web-…","Job types: Full-time
Benefits: Free parking, Health insurance, 401(k), Lunch & learns
Job types cc: Full-time
Schedules: Monday to Friday",https://www.indeed.com/m/viewjob?jk=2630cfff6d3e1d8f,IndeedScraperUSAEng_2630cfff6d3e1d8f,IndeedScraperUSAEng,Software Developer Data Analyst Project Manager,USA_ENGLISH,$74426 - $123985 yearly,UNKNOWN
NEW,Full Stack Engineer,Piper Companies,"Cary, NC",2025-06-20,Apply project management methodologies and system development lifecycle processes to complex IT projects. Elicit requirements from stakeholders to ensure project alignment.,"Benefits: Paid holidays, Health insurance, Dental insurance, Paid time off, Vision insurance",https://www.indeed.com/m/viewjob?jk=dd3bc7f537a137fa,IndeedScraperUSAEng_dd3bc7f537a137fa,IndeedScraperUSAEng,Software Developer Data Analyst Project Manager,USA_ENGLISH,$105000 - $140000 yearly,UNKNOWN
NEW,Software Engineer,"Signalscape, Inc.","Cary, NC 27518",2025-06-21,"User Requirement Analysis: *Analyze user requirements to derive software designs for new applications or modifications to existing software, ensuring the addition of new features and capabilities…","Job types: Full-time
Shifts: 8 hour shift
Benefits: Health savings account, AD&D insurance, Disability insurance, Health insurance, Dental insurance, 401(k), Flexible spending account, Tuition reimbursement, Paid time off, Employee assistance program, Vision insurance, 401(k) matching, Professional development assistance, Life insurance, Referral program
Job types cc: Full-time
Schedules: 8 hour shift, Monday to Friday",https://www.indeed.com/m/viewjob?jk=7b825fcaa77d831f,IndeedScraperUSAEng_7b825fcaa77d831f,IndeedScraperUSAEng,Software Developer Data Analyst Project Manager,USA_ENGLISH,$105000 - $170000 yearly,UNKNOWN
NEW,Full Stack Engineer - Hybrid,Piper Companies,"Durham, NC",2025-06-20,"Deep understanding of SQL and relational databases for data management. Keywords: Full Stack Engineer, Node.js, Java 8+, SQL, relational databases, ReactJS, TypeScript, REST API, microservices,…","Benefits: Paid holidays, Health insurance, Dental insurance, Paid time off, Vision insurance
Job types cc: Temp-to-hire",https://www.indeed.com/m/viewjob?jk=a5edeab05db12eaa,IndeedScraperUSAEng_a5edeab05db12eaa,IndeedScraperUSAEng,Software Developer Data Analyst Project Manager,USA_ENGLISH,$80000 - $120000 yearly,UNKNOWN
NEW,Ansible Software Engineer,"Red Hat, Inc.","Durham, NC 27701",2025-06-20,"Basic knowledge of software development life cycle tools, like GitHub and Jenkins. Passion for learning new technologies, building elegant software systems, troubleshooting complex technical issues,…","Job types: Full-time
Benefits: Paid parental leave, Health savings account, Employee stock purchase plan, Paid holidays, Disability insurance, Health insurance, Dental insurance, Flexible spending account, Tuition reimbursement, Military leave, Paid time off, Paid military leave, Parental leave, Employee assistance program, Vision insurance, 401(k) matching, Expense account
Job types cc: Full-time",https://www.indeed.com/m/viewjob?jk=01df12877f1c1496,IndeedScraperUSAEng_01df12877f1c1496,IndeedScraperUSAEng,Software Developer Data Analyst Project Manager,USA_ENGLISH,$94550 - $151170 yearly,UNKNOWN
NEW,Sitefinity Web Portal Developer,accel bi corporation,"Raleigh, NC",2025-06-21,"Collaborate with technical architects, developers, and analysts to translate business requirements into technical specifications. Integrate the portal with Microsoft Dynamics 365, EPA shared services…","Job types: Full-time
Job types cc: Full-time",https://www.indeed.com/m/viewjob?jk=db67b6cba30f0755,IndeedScraperUSAEng_db67b6cba30f0755,IndeedScraperUSAEng,Software Developer Data Analyst Project Manager,USA_ENGLISH,$152000 - $165000 yearly,UNKNOWN
NEW,Mobile App Developer (Remote),Ameriprise Financial,"Greensboro, NC",2025-06-20,"Participate in code reviews, testing, and debugging to ensure software quality. Collaborate with UI/UX designers, backend developers, and product teams to deliver seamless user experiences.","Remote: Remote
Benefits: Paid holidays, Health insurance, Dental insurance, Paid time off, Vision insurance, 401(k) matching, Life insurance",https://www.indeed.com/m/viewjob?jk=1bfefb562fa41cb5,IndeedScraperUSAEng_1bfefb562fa41cb5,IndeedScraperUSAEng,Software Developer Data Analyst Project Manager,USA_ENGLISH,$115000 - $130000 yearly,FULLY_REMOTE
NEW,Business Analyst,restor3d,"Durham, NC 27709",2025-06-21,"Manage other improvement projects that include planning, implementation, and continuous monitoring. Create and modify master data (including but not limited to materials, routers, BOMs) in the ERP…","Job types: Full-time
Job types cc: Full-time",https://www.indeed.com/m/viewjob?jk=38b6516159ae7633,IndeedScraperUSAEng_38b6516159ae7633,IndeedScraperUSAEng,Software Developer Data Analyst Project Manager,USA_ENGLISH,$70000 - $80000 yearly,UNKNOWN
NEW,Software Engineer IV,Truist Bank,"Raleigh, NC 27613",2025-06-21,"Ability to lead complex projects. Deep knowledge and experience with two or more of the following: Solid foundation in data structures, algorithms, and software design with strong analytical and…","Job types: Full-time
Benefits: AD&D insurance, Paid holidays, Health insurance, Dental insurance, RSU, Pension plan, Vision insurance, Life insurance
Job types cc: Full-time",https://www.indeed.com/m/viewjob?jk=b25baf51c2d1d035,IndeedScraperUSAEng_b25baf51c2d1d035,IndeedScraperUSAEng,Software Developer Data Analyst Project Manager,USA_ENGLISH,,UNKNOWN
NEW,Software Engineer,"Pay Tel Communications, Inc.","Greensboro, NC 27410",2025-06-21,"Working knowledge of software development methodologies. Understand assignments by reviewing program objectives, input data, and output requirements with supervisor and product owner.","Job types: Full-time
Remote: Hybrid work
Benefits: Paid jury duty
 Health savings account
 Health insurance
 Dental insurance
 401(k)
 Flexible spending account
 Paid time off
 Parental leave
 Employee assistance program
 Vision insurance
 401(k) matching
 Life insurance
 Referral program
 Retirement plan
Job types cc: Full-time
Schedules: Monday to Friday",https://www.indeed.com/m/viewjob?jk=7a570c1086535ca8,IndeedScraperUSAEng_7a570c1086535ca8,IndeedScraperUSAEng,Software Developer Data Analyst Project Manager,USA_ENGLISH,$95000 - $115000 yearly,TEMPORARILY_REMOTE
NEW,Release Management Specialist,State of North Carolina - Adult Correction,"Wake County, NC",2025-06-20,"This position will perform any other duties as assigned by a manager. Ability to assist the supervisor in training, overseeing work, and special projects. Note to Current State Employees.","Job types: Full-time
Benefits: Paid parental leave, Health insurance, Parental leave, Retirement plan
Job types cc: Full-time",https://www.indeed.com/m/viewjob?jk=e724276a47ed0ca9,IndeedScraperUSAEng_e724276a47ed0ca9,IndeedScraperUSAEng,Software Developer Data Analyst Project Manager,USA_ENGLISH,,UNKNOWN
NEW,Full Stack Engineer,Piper Companies,"Cary, NC",2025-06-21,"5+ years of software development experience with Java and React (Angular also acceptable). Contribute to project success through fullstack development, including micro frontends, microservices, event-…","Job types: Full-time
Remote: Hybrid work
Benefits: Health insurance, Dental insurance, 401(k), Vision insurance
Job types cc: Full-time",https://www.indeed.com/m/viewjob?jk=5c15c3f5590d4a4f,IndeedScraperUSAEng_5c15c3f5590d4a4f,IndeedScraperUSAEng,Software Developer Data Analyst Project Manager,USA_ENGLISH,$120000 - $145000 yearly,TEMPORARILY_REMOTE
NEW,Full Stack Java Engineer,UBS,"Raleigh, NC",2025-06-20,10+ years of experience building large-scale software applications. UBS is the world’s largest and the only truly global wealth manager. Develop new features and infrastructure development in support…,"Job types: Full-time
Job types cc: Full-time",https://www.indeed.com/m/viewjob?jk=e0ee2ca1458efa60,IndeedScraperUSAEng_e0ee2ca1458efa60,IndeedScraperUSAEng,Software Developer Data Analyst Project Manager,USA_ENGLISH,$120000 - $160000 yearly,UNKNOWN
NEW,Principal Software Engineer,The American Kennel Club Inc,"Raleigh, NC 27617",2025-06-21,"Project Management: Oversee project planning, estimation, and resource allocation to ensure timely and budget-compliant delivery of projects. Documentation: Maintain comprehensive documentation for…","Job types: Full-time
Remote: Hybrid work
Job types cc: Full-time",https://www.indeed.com/m/viewjob?jk=3a74dbdd8b3f699b,IndeedScraperUSAEng_3a74dbdd8b3f699b,IndeedScraperUSAEng,Software Developer Data Analyst Project Manager,USA_ENGLISH,,TEMPORARILY_REMOTE
NEW,Software Engineer 2,"Veranex, Inc.","Raleigh, NC",2025-06-21,"The Software Engineer 2 will develop technical aspects of software engineering across projects, focusing on software functionality and code quality and collaborating with a diverse team to create…","Job types: Full-time
Job types cc: Full-time",https://www.indeed.com/m/viewjob?jk=0161dcf989f762e3,IndeedScraperUSAEng_0161dcf989f762e3,IndeedScraperUSAEng,Software Developer Data Analyst Project Manager,USA_ENGLISH,$93700 - $133980 yearly,UNKNOWN
NEW,Industry X - Engineering Digitization & PLM - Teamcenter Architect,Accenture,"Raleigh, NC 27609",2025-06-20,System Architecture and Environment Sizing: Utilize software vendor software guidelines to define the hardware and software components needed to support the client environment and userbase.,"Job types: Full-time
Remote: Hybrid work
Job types cc: Full-time",https://www.indeed.com/m/viewjob?jk=9a1b1c61453f2331,IndeedScraperUSAEng_9a1b1c61453f2331,IndeedScraperUSAEng,Software Developer Data Analyst Project Manager,USA_ENGLISH,,TEMPORARILY_REMOTE
NEW,Python Full stack Practice Leader/ Engineering manager,Provectus,"Raleigh, NC",2025-06-20,"Staffing & Resource Management: Manage project staffing, collaborate with talent acquisition, and optimize resource utilization across projects. Quality Assurance: Establish best practices, conduct…","Job types: Full-time
Remote: Remote
Benefits: Health insurance, Unlimited paid time off, Dental insurance, Vision insurance, 401(k) matching
Job types cc: Full-time",https://www.indeed.com/m/viewjob?jk=c2c570189ee21b15,IndeedScraperUSAEng_c2c570189ee21b15,IndeedScraperUSAEng,Software Developer Data Analyst Project Manager,USA_ENGLISH,,FULLY_REMOTE
NEW,Java Engineer,Piper Companies,"Cary, NC",2025-06-21,"The Java Engineer is responsible for designing, developing, and maintaining software applications using the Java programming language. Keywords: Expertise in Google Cloud Platform (GCP), cloud…","Remote: Hybrid work
Benefits: Health insurance, Dental insurance, 401(k), Paid time off",https://www.indeed.com/m/viewjob?jk=c1ae9257dfb9552d,IndeedScraperUSAEng_c1ae9257dfb9552d,IndeedScraperUSAEng,Software Developer Data Analyst Project Manager,USA_ENGLISH,$120000 - $185000 yearly,TEMPORARILY_REMOTE
NEW,Senior Front-end Engineer,Piper Companies,"Cary, NC",2025-06-21,"Background in DevOps or software development. Understands user needs and user facing projects. Keywords: Front end, frontend, front-end, developer, development, software, Devops, DevOps, accessibility…","Remote: Hybrid work
Benefits: Paid holidays, Health insurance, Dental insurance, Paid time off, Vision insurance, 401(k) matching",https://www.indeed.com/m/viewjob?jk=f73e7405c793fcc9,IndeedScraperUSAEng_f73e7405c793fcc9,IndeedScraperUSAEng,Software Developer Data Analyst Project Manager,USA_ENGLISH,$120000 - $142000 yearly,TEMPORARILY_REMOTE
NEW,Senior Java Engineer,Piper Companies,"Cary, NC",2025-06-21,"Leverage knowledge of algorithms, complexity, and data structure to write efficient and optimized code. Piper Companies is seeking a Senior Java Engineer who can collaborate with business stakeholders…","Remote: Hybrid work
Benefits: Paid holidays, Health insurance, Dental insurance, Paid time off, Vision insurance, 401(k) matching",https://www.indeed.com/m/viewjob?jk=f56d8609ecb17a6b,IndeedScraperUSAEng_f56d8609ecb17a6b,IndeedScraperUSAEng,Software Developer Data Analyst Project Manager,USA_ENGLISH,$100000 - $140000 yearly,TEMPORARILY_REMOTE
NEW,Service Now Developer,UBS,"Raleigh, NC",2025-06-21,"Help with revision & implementation of Silver Publisher User Stories e.g. Interfaces, Reports. Implement according to approved solution design. Complete Bundling of IBM products within IBM ILMT.","Job types: Full-time
Job types cc: Full-time",https://www.indeed.com/m/viewjob?jk=19d96ab2210cd2a9,IndeedScraperUSAEng_19d96ab2210cd2a9,IndeedScraperUSAEng,Software Developer Data Analyst Project Manager,USA_ENGLISH,,UNKNOWN
NEW,Firmware Engineer,Piper Companies,"Durham, NC",2025-06-21,"Assisting product teams by deploying hardware and software security technologies. The Firmware Engineer designs, develops, and tests security features for embedded systems to ensure secure,…","Remote: Hybrid work
Benefits: Health insurance, Dental insurance, 401(k), Paid time off
Schedules: Holidays",https://www.indeed.com/m/viewjob?jk=03575b7820854b6a,IndeedScraperUSAEng_03575b7820854b6a,IndeedScraperUSAEng,Software Developer Data Analyst Project Manager,USA_ENGLISH,$80000 - $150000 yearly,TEMPORARILY_REMOTE
NEW,AVP Java Engineer,Piper Companies,"Cary, NC",2025-06-21,"The AVP Java Engineer will develop and maintain scalable Java applications, optimize system performance, and collaborate with cross-functional teams to deliver high-quality software solutions.","Job types: Full-time
Remote: Hybrid work
Benefits: Health insurance, Dental insurance, 401(k), Vision insurance
Job types cc: Full-time",https://www.indeed.com/m/viewjob?jk=b1616e7198b34d3d,IndeedScraperUSAEng_b1616e7198b34d3d,IndeedScraperUSAEng,Software Developer Data Analyst Project Manager,USA_ENGLISH,$120000 - $142000 yearly,TEMPORARILY_REMOTE
NEW,Software Engineer,Piper Companies,"Cary, NC",2025-06-21,"Keywords: Network, network orchestration, software development, software, service fabric, automation, backend, backend development, building services, datacenter, scripting, open-sourced frameworks,…","Remote: Remote
Benefits: Paid holidays, Health insurance, Dental insurance, Paid time off, Vision insurance, 401(k) matching",https://www.indeed.com/m/viewjob?jk=05d59d41f8805c61,IndeedScraperUSAEng_05d59d41f8805c61,IndeedScraperUSAEng,Software Developer Data Analyst Project Manager,USA_ENGLISH,$80000 - $100000 yearly,FULLY_REMOTE
NEW,Embedded Software Engineer,Piper Companies,"Research Triangle Park, NC",2025-06-21,Engage in software development and provide consulting services to support digital software signing technologies. Experience in software verification and security. Hourly rate: $30-35.,"Remote: Hybrid work
Benefits: Paid holidays, Health insurance, Dental insurance, Paid time off, Vision insurance, 401(k) matching",https://www.indeed.com/m/viewjob?jk=302f3ddcbe8fca52,IndeedScraperUSAEng_302f3ddcbe8fca52,IndeedScraperUSAEng,Software Developer Data Analyst Project Manager,USA_ENGLISH,$30 - $35 hourly,TEMPORARILY_REMOTE
NEW,Senior Full Stack UI and Java developer,UBS,"Raleigh, NC",2025-06-21,"Professional with a career reflecting tech leadership abilities coupled with ""hands on"" experience in a diverse range of software projects. Work as a developer for UBS Global Wealth Management within…","Job types: Full-time
Job types cc: Full-time",https://www.indeed.com/m/viewjob?jk=771cb8ccb1b67cc1,IndeedScraperUSAEng_771cb8ccb1b67cc1,IndeedScraperUSAEng,Software Developer Data Analyst Project Manager,USA_ENGLISH,$178000 - $233000 yearly,UNKNOWN
NEW,Senior Java Developer,Piper Companies,"Cary, NC",2025-06-20,"Keywords: Senior Java Developer, Java 17, Spring Boot, Microservices, RESTful APIs, API orchestration, Docker, Kubernetes, AWS, Cloud technologies, Java application development, CI/CD, DevOps,…","Benefits: Paid holidays, Health insurance, Dental insurance, Paid time off, Vision insurance",https://www.indeed.com/m/viewjob?jk=4923b8df9d9c515a,IndeedScraperUSAEng_4923b8df9d9c515a,IndeedScraperUSAEng,Software Developer Data Analyst Project Manager,USA_ENGLISH,$140000 - $160000 yearly,UNKNOWN
NEW,DevOps Engineer,Xsolla,"Raleigh, NC",2025-06-21,4 to 7 years experience as a DevOps engineer. Extensive experience with container orchestration using Kubernetes. Experience with Self-hosted Kubernetes clusters administration.,"Job types: Full-time
Remote: Hybrid work
Benefits: Health insurance, Dental insurance, Vision insurance
Job types cc: Full-time",https://www.indeed.com/m/viewjob?jk=f436649bb31be4c1,IndeedScraperUSAEng_f436649bb31be4c1,IndeedScraperUSAEng,Software Developer Data Analyst Project Manager,USA_ENGLISH,$120000 - $160000 yearly,TEMPORARILY_REMOTE
NEW,Java Backend Developer (GC & USC only),PRO IT Inc.,"Raleigh, NC",2025-06-21,Java Backend w/Terraform8 or more years’ experience developing Java\J2EE Microservice applications. Have Experience in developing and consuming REST and SOAP based services using Java and Spring Boot…,"Job types: Full-time
Shifts: 8 hour shift
Benefits: Health insurance, Dental insurance, 401(k), Paid time off, Vision insurance, 401(k) matching, Life insurance
Job types cc: Full-time
Schedules: 8 hour shift, Monday to Friday",https://www.indeed.com/m/viewjob?jk=6dfc705211fdb2f8,IndeedScraperUSAEng_6dfc705211fdb2f8,IndeedScraperUSAEng,Software Developer Data Analyst Project Manager,USA_ENGLISH,$120000 - $130000 yearly,UNKNOWN
NEW,Software Engineering Manager,SpotOn: Product,"Raleigh, NC",2025-06-17,8+ years of software development experience. Experience recruiting for and building software engineering teams. Exceptional communication and organizational skills (including project management and…,"Benefits: Internet reimbursement, Paid holidays, Health insurance, Dental insurance, RSU, Tuition reimbursement, Cell phone reimbursement, Vision insurance, 401(k) matching, Volunteer time off",https://www.indeed.com/m/viewjob?jk=e754e4edd4825637,IndeedScraperUSAEng_e754e4edd4825637,IndeedScraperUSAEng,Software Developer Data Analyst Project Manager,USA_ENGLISH,$147000 - $220000 yearly,UNKNOWN
NEW,Data Analyst (Remote),First Citizens Bank,"Raleigh, NC",2025-06-19,"Data Analysis - Gathers, organizes, and sorts data to develops moderately complex data models for the department, business unit staff, and other stakeholders.","Remote: Remote
Schedules: Monday to Friday",https://www.indeed.com/m/viewjob?jk=2c2987074d8e6668,IndeedScraperUSAEng_2c2987074d8e6668,IndeedScraperUSAEng,Software Developer Data Analyst Project Manager,USA_ENGLISH,$130000 - $140000 yearly,FULLY_REMOTE
NEW,"Senior Systems Engineer, Kubernetes",SAS,"Cary, NC 27513",2025-06-19,Assess complex technical problems and take ownership of projects with minimal guidance. SAS employees performing certain job functions may require access to technology or software subject to export or…,"Job types: Full-time
Benefits: Health savings account, Paid holidays, Health insurance, Dental insurance, 401(k), Parental leave, Vision insurance, Volunteer time off, Paid sick time
Job types cc: Full-time
Schedules: On call",https://www.indeed.com/m/viewjob?jk=1d26ea2a7a8f51a8,IndeedScraperUSAEng_1d26ea2a7a8f51a8,IndeedScraperUSAEng,Software Developer Data Analyst Project Manager,USA_ENGLISH,,UNKNOWN
NEW,Sr Software Developer / C++,SAS,"Cary, NC 27513",2025-06-17,"Actively involve other project stakeholders (e.g., managers, developers, product managers) to ensure implementation satisfies functional requirements. Experience contributing to open source projects.","Job types: Full-time
Benefits: Health savings account, Paid holidays, Health insurance, Dental insurance, 401(k), Parental leave, Vision insurance, Volunteer time off, Paid sick time
Job types cc: Full-time",https://www.indeed.com/m/viewjob?jk=f6fb28514d23df96,IndeedScraperUSAEng_f6fb28514d23df96,IndeedScraperUSAEng,Software Developer Data Analyst Project Manager,USA_ENGLISH,,UNKNOWN
NEW,Oracle Utilities Oracle Configuraton & Dev Release Delivery Manager,Accenture,"Raleigh, NC 27609",2025-06-17,"Additionally, you have the communication and people skills to inspire teams to bring their A-game. Release Planning and Execution: Developing release plans, coordinating with stakeholders, and…","Job types: Full-time
Job types cc: Full-time",https://www.indeed.com/m/viewjob?jk=94e46bab34959388,IndeedScraperUSAEng_94e46bab34959388,IndeedScraperUSAEng,Software Developer Data Analyst Project Manager,USA_ENGLISH,,UNKNOWN
NEW,OpenShift Engineer - RedHat Linux,Anant Satya,"Raleigh, NC 27601",2025-06-18,"⁠ ⁠Proven track record of leading migration projects from PCF/TAS to OCP, particularly within the Financial Services Industry.. We are seeking a Lead OCP Engineer with extensive hands-on…","Job types: Full-time, Contract
Shifts: 8 hour shift
Benefits: 401(k), Tuition reimbursement, Paid time off, 401(k) matching, Retirement plan
Job types cc: Full-time, Contract
Schedules: 8 hour shift",https://www.indeed.com/m/viewjob?jk=3f46fa4a489d3beb,IndeedScraperUSAEng_3f46fa4a489d3beb,IndeedScraperUSAEng,Software Developer Data Analyst Project Manager,USA_ENGLISH,$50 - $-1 hourly,UNKNOWN
NEW,Software Engineering Manager,SpotOn Transact,"Raleigh, NC",2025-06-17,8+ years of software development experience. Experience recruiting for and building software engineering teams. Exceptional communication and organizational skills (including project management and…,"Job types: Full-time
Benefits: Internet reimbursement, Paid holidays, Health insurance, Dental insurance, RSU, Tuition reimbursement, Cell phone reimbursement, Vision insurance, 401(k) matching, Volunteer time off
Job types cc: Full-time",https://www.indeed.com/m/viewjob?jk=7dd1acf7e94af1bc,IndeedScraperUSAEng_7dd1acf7e94af1bc,IndeedScraperUSAEng,Software Developer Data Analyst Project Manager,USA_ENGLISH,$147000 - $220000 yearly,UNKNOWN
NEW,"Full Stack Application Developer (.NET, Azure, SQL, React, Node.js)",Ryder System,"Raleigh, NC 27608",2025-06-18,Consistently follow software development best-practices and industry coding standards. Consult with peer developers to foster consistency across teams and work efforts.,"Job types: Full-time
Benefits: Disability insurance, Health insurance, Dental insurance, 401(k), Paid time off, Parental leave, Vision insurance, Life insurance
Job types cc: Full-time
Schedules: On call",https://www.indeed.com/m/viewjob?jk=383fa034d16321d9,IndeedScraperUSAEng_383fa034d16321d9,IndeedScraperUSAEng,Software Developer Data Analyst Project Manager,USA_ENGLISH,$110000 - $120000 yearly,UNKNOWN
NEW,CRM/SalesForce Analyst,PPG Industries,"Greensboro, NC",2025-06-17,"Greensboro, North Carolina, United States of America. As a Salesforce Analyst, you will be responsible for monitoring Salesforce Activities and provide support to the Commercial Team within PPG’s…","Job types: Full-time
Job types cc: Full-time",https://www.indeed.com/m/viewjob?jk=c13fe726b41805c9,IndeedScraperUSAEng_c13fe726b41805c9,IndeedScraperUSAEng,Software Developer Data Analyst Project Manager,USA_ENGLISH,,UNKNOWN
NEW,Business Analyst - ASG,"Brighton Health Plan Solutions, LLC","Chapel Hill, NC 27514",2025-06-18,"Conversant with data integrity principles. Break down high level information gathered into details including sources of data, data types, users, user types, interface components, interface navigation…","Job types: Full-time
Benefits: Health insurance, Vision insurance
Job types cc: Full-time",https://www.indeed.com/m/viewjob?jk=29023591c2dab965,IndeedScraperUSAEng_29023591c2dab965,IndeedScraperUSAEng,Software Developer Data Analyst Project Manager,USA_ENGLISH,,UNKNOWN
NEW,"Software Engineer III, Infrastructure, Google Meet",Google,"Durham, NC",2025-06-17,2 years of experience with data structures or algorithms. 1 year of experience in software development with Java or Kotlin. 2 years of experience with software development or 1 year of experience with…,"Job types: Full-time
Job types cc: Full-time",https://www.indeed.com/m/viewjob?jk=d65be6c6c1a90e31,IndeedScraperUSAEng_d65be6c6c1a90e31,IndeedScraperUSAEng,Software Developer Data Analyst Project Manager,USA_ENGLISH,$141000 - $202000 yearly,UNKNOWN
NEW,"Principal Software Engineer – Front-End & Design System (ShareFile, Raleigh)",Progress,"Raleigh, NC 27601",2025-06-19,"You have battle-tested expertise in React, TypeScript, and modern CSS, an obsession with elegant, accessible user experiences, and a passion for building and evangelizing Design Systems.","Job types: Full-time
Remote: Hybrid work
Benefits: Employee stock purchase plan, Health insurance, Dental insurance, 401(k), Tuition reimbursement, Parental leave, Employee assistance program, Vision insurance, Pet insurance
Job types cc: Full-time",https://www.indeed.com/m/viewjob?jk=66c0171e62ba724e,IndeedScraperUSAEng_66c0171e62ba724e,IndeedScraperUSAEng,Software Developer Data Analyst Project Manager,USA_ENGLISH,,TEMPORARILY_REMOTE
NEW,Lead Narrative Designer,Hasbro Inc.,"Durham, NC 27709",2025-06-19,Atomic Arcade is seeking a visionary Lead Narrative Designer to join our exciting AAA Action/Adventure project. Uphold cinematic and storytelling standards in line with the broader IP and project…,"Benefits: Paid parental leave, Paid holidays, Health insurance, Dental insurance, Tuition reimbursement, Parental leave, Vision insurance, 401(k) matching",https://www.indeed.com/m/viewjob?jk=5958c2356e887265,IndeedScraperUSAEng_5958c2356e887265,IndeedScraperUSAEng,Software Developer Data Analyst Project Manager,USA_ENGLISH,$148400 - $222600 yearly,UNKNOWN
NEW,"Technology Data & Business Planning Analyst - Raleigh, NC/Phoenix, AZ",First Citizens Bank,"Raleigh, NC 27603",2025-06-18,"Experience running and leading projects. Data Analysis - Sources, compiles, and interprets data. Performs data analysis, effectively communicates and providing analysis output.","Remote: Hybrid work
Schedules: Monday to Friday",https://www.indeed.com/m/viewjob?jk=bc691ff30a1d791e,IndeedScraperUSAEng_bc691ff30a1d791e,IndeedScraperUSAEng,Software Developer Data Analyst Project Manager,USA_ENGLISH,,TEMPORARILY_REMOTE
NEW,Business Analyst - Utilities,"TRC Companies, Inc.","Raleigh, NC 27610",2025-06-18,"Collaborate with software developers, data engineers and scientists - Engage with software developers, engineers, and architects to communicate business vision and priorities.","Job types: Full-time
Benefits: Paid holidays, Disability insurance, Health insurance, Dental insurance, 401(k), Paid time off, Vision insurance
Job types cc: Full-time",https://www.indeed.com/m/viewjob?jk=0f6f75901a1c0ab9,IndeedScraperUSAEng_0f6f75901a1c0ab9,IndeedScraperUSAEng,Software Developer Data Analyst Project Manager,USA_ENGLISH,$84906 - $107000 yearly,UNKNOWN
NEW,"Full Stack Developer TypeScript, React & FastAPI-5",Realign LLC,"Research Triangle Park, NC",2025-06-19,"TypeScript: TypeScript, including generics and advanced types. React: React 18+, including hooks and context API. FastAPI: FastAPI, including dependency injection and background tasks.","Job types: Contract
Job types cc: Contract",https://www.indeed.com/m/viewjob?jk=ce211ba7acc2f318,IndeedScraperUSAEng_ce211ba7acc2f318,IndeedScraperUSAEng,Software Developer Data Analyst Project Manager,USA_ENGLISH,,UNKNOWN
NEW,Sr. IoT Embedded Linux Software Engineer,Pentair,"Apex, NC 27539",2025-06-19,"Open-source contributions or portfolio IoT projects. Open-source contributions or portfolio IoT projects. Collaborate closely with team members, firmware developers, and cloud/backend teams.","Job types: Full-time
Benefits: Caregiver leave, Employee stock purchase plan, Disability insurance, Health insurance, Tuition reimbursement, Paid time off, Parental leave, Life insurance
Job types cc: Full-time",https://www.indeed.com/m/viewjob?jk=d4d83d38e622bc2d,IndeedScraperUSAEng_d4d83d38e622bc2d,IndeedScraperUSAEng,Software Developer Data Analyst Project Manager,USA_ENGLISH,$82300 - $152800 yearly,UNKNOWN
NEW,Senior Data Analyst,First Citizens Bank,"Raleigh, NC",2025-06-17,"Data Analysis - Gathers, organizes, and sorts data to develop complex data models for the department, business unit staff, and other stakeholders. Responsible for all components of project execution…","Remote: Remote
Schedules: Monday to Friday",https://www.indeed.com/m/viewjob?jk=4d23b3cfe6296596,IndeedScraperUSAEng_4d23b3cfe6296596,IndeedScraperUSAEng,Software Developer Data Analyst Project Manager,USA_ENGLISH,,FULLY_REMOTE
NEW,TAPCO Business Analyst - IT,CRC Group,"Burlington, NC",2025-06-18,"Support developer in resolution of issues related to project specification or programming. If you have a disability and need assistance with the application, you can request a reasonable accommodation…","Job types: Full-time
Benefits: AD&D insurance, Paid holidays, Disability insurance, Health insurance, Dental insurance, RSU, Vision insurance, Life insurance
Job types cc: Full-time
Schedules: Extended hours",https://www.indeed.com/m/viewjob?jk=5d25fc0712b0abc5,IndeedScraperUSAEng_5d25fc0712b0abc5,IndeedScraperUSAEng,Software Developer Data Analyst Project Manager,USA_ENGLISH,,UNKNOWN
NEW,Junior Programmer,State of North Carolina - Dept of Health and Human Services,"Wake County, NC",2025-06-18,Collaborating with senior developers and stakeholders during planning phases. Developing and executing database queries for reports and data updates. This Position Is 100% Federally Funded.,"Job types: Full-time
Remote: Hybrid work
Benefits: Paid parental leave, Health insurance, Parental leave, Retirement plan
Job types cc: Full-time
Schedules: On call",https://www.indeed.com/m/viewjob?jk=0adae410592f10dd,IndeedScraperUSAEng_0adae410592f10dd,IndeedScraperUSAEng,Software Developer Data Analyst Project Manager,USA_ENGLISH,$54657 - $81986 yearly,TEMPORARILY_REMOTE
NEW,JAVA Full Stack Software Engineer,MetLife,"Cary, NC",2025-06-18,"The Full Stack Engineer is responsible for designing, developing, and implementing API and decoupled UI solutions based on standards and processes that establish consistency across the enterprise,…","Job types: Full-time
Benefits: Disability insurance, Health insurance, Dental insurance, Tuition reimbursement, Parental leave, Employee assistance program, Vision insurance, 401(k) matching, Volunteer time off, Life insurance
Job types cc: Full-time",https://www.indeed.com/m/viewjob?jk=a0054525c48981de,IndeedScraperUSAEng_a0054525c48981de,IndeedScraperUSAEng,Software Developer Data Analyst Project Manager,USA_ENGLISH,$75000 - $100000 yearly,UNKNOWN
NEW,Senior Tools Programmer,Epic Games,"Cary, NC",2025-06-15,Well-versed in software engineering principles. Experience writing game development tools or tools for other software development. We’re always improving on the tools and technology that empower…,"Benefits: Disability insurance, Health insurance, Unlimited paid time off, Dental insurance, Vision insurance, 401(k) matching, Sabbatical, Life insurance",https://www.indeed.com/m/viewjob?jk=95e271c9396fb85c,IndeedScraperUSAEng_95e271c9396fb85c,IndeedScraperUSAEng,Software Developer Data Analyst Project Manager,USA_ENGLISH,,UNKNOWN
NEW,Senior Software Engineer,Piper Companies,"Cary, NC",2025-06-16,The Senior Software Engineer will be responsible for leading a team of developers with overall strategic business objectives. Code reviews and testing activities.,"Remote: Hybrid work
Benefits: Health insurance, Dental insurance, 401(k), Paid time off, Vision insurance",https://www.indeed.com/m/viewjob?jk=8081ef294384aa76,IndeedScraperUSAEng_8081ef294384aa76,IndeedScraperUSAEng,Software Developer Data Analyst Project Manager,USA_ENGLISH,$130000 - $185000 yearly,TEMPORARILY_REMOTE
NEW,CCM Platform Engineer,MetLife,"Cary, NC",2025-06-16,"Collaborate with development teams to improve platform reliability, performance, and developer productivity. The Platform Engineer will be responsible for designing, implementing, and maintaining…","Job types: Full-time
Benefits: Disability insurance, Health insurance, Dental insurance, Tuition reimbursement, Parental leave, Employee assistance program, Vision insurance, 401(k) matching, Volunteer time off, Life insurance
Job types cc: Full-time",https://www.indeed.com/m/viewjob?jk=6ef5ec95d6345667,IndeedScraperUSAEng_6ef5ec95d6345667,IndeedScraperUSAEng,Software Developer Data Analyst Project Manager,USA_ENGLISH,$95000 - $120000 yearly,UNKNOWN
NEW,"Analyst, IT, SR - Business Intelligence",Duke Health,"Durham, NC 27710",2025-06-18,Simplify complex data sets into clear graphics and stage data for visualization. This position requires proficiency in SQL and data modeling and advanced skills in data visualization tools.,"Job types: Full-time
Job types cc: Full-time",https://www.indeed.com/m/viewjob?jk=36562f796b57658b,IndeedScraperUSAEng_36562f796b57658b,IndeedScraperUSAEng,Software Developer Data Analyst Project Manager,USA_ENGLISH,,UNKNOWN
NEW,"Delivery Lead - Treasury Platform (Hybrid - Raleigh, NC)",First Citizens Bank,"Raleigh, NC 27603",2025-06-17,Experience working with project management financials. Experience with program management; leading multiple projects at a time. Experience leading projects in Treasury platforms/Treasury operations a…,"Remote: Hybrid work
Schedules: Monday to Friday",https://www.indeed.com/m/viewjob?jk=dd662103f541403a,IndeedScraperUSAEng_dd662103f541403a,IndeedScraperUSAEng,Software Developer Data Analyst Project Manager,USA_ENGLISH,,TEMPORARILY_REMOTE
NEW,Business Analyst,Staffxpert LLC,"Raleigh, NC 27612",2025-06-15,"Collecting, organizing, and analyzing data. Requirements gathering and management, test planning and test execution management, development of other key project deliverables and project management…",,https://www.indeed.com/m/viewjob?jk=4e52821143611613,IndeedScraperUSAEng_4e52821143611613,IndeedScraperUSAEng,Software Developer Data Analyst Project Manager,USA_ENGLISH,,UNKNOWN
NEW,Senior System Software Engineer,BayOne,"Raleigh, NC",2025-06-18,"O Classify issues (E.g., hardware, software, use error). Perform automated software testing (Develop unit test or functional test automation e.g., in SQUISH).",,https://www.indeed.com/m/viewjob?jk=88b70835cadc8f53,IndeedScraperUSAEng_88b70835cadc8f53,IndeedScraperUSAEng,Software Developer Data Analyst Project Manager,USA_ENGLISH,,UNKNOWN
NEW,Senior Software Engineer I,RELX,"Raleigh, NC",2025-06-18,"And provides direct input to project plans, schedules, and methodology in the development of cross-functional software products. The Senior Software Python Engineer I role performs complex research,…","Job types: Full-time
Job types cc: Full-time",https://www.indeed.com/m/viewjob?jk=f0216511d591f544,IndeedScraperUSAEng_f0216511d591f544,IndeedScraperUSAEng,Software Developer Data Analyst Project Manager,USA_ENGLISH,,UNKNOWN
NEW,UI Developer,micasaglobal,"Raleigh, NC",2025-06-17,"Expert knowledge of advanced javascript (React-js, D3, node.js). Experience with Spring Framework including Spring Boot, Spring Cloud, and Spring Security. Experience with RESTful API development.","Job types: Full-time
Job types cc: Full-time",https://www.indeed.com/m/viewjob?jk=de9b89385d76b831,IndeedScraperUSAEng_de9b89385d76b831,IndeedScraperUSAEng,Software Developer Data Analyst Project Manager,USA_ENGLISH,$100000 - $100000 yearly,UNKNOWN
NEW,"Software Engineer III, Infrastructure, Google Meet",Google,"Raleigh, NC",2025-06-17,2 years of experience with data structures or algorithms. 1 year of experience in software development with Java or Kotlin. 2 years of experience with software development or 1 year of experience with…,"Job types: Full-time
Job types cc: Full-time",https://www.indeed.com/m/viewjob?jk=b8a9f8cec7c65294,IndeedScraperUSAEng_b8a9f8cec7c65294,IndeedScraperUSAEng,Software Developer Data Analyst Project Manager,USA_ENGLISH,$141000 - $202000 yearly,UNKNOWN
NEW,Software Development Manager,Team Velocity,"Raleigh, NC 27607",2025-06-18,"Stakeholder Communication: Communicate effectively with stakeholders, including product managers, to understand project requirements and provide status updates. Scrum Master certification is a plus.","Job types: Full-time
Remote: Remote
Benefits: Health insurance, Dental insurance, Vision insurance, 401(k) matching
Job types cc: Full-time",https://www.indeed.com/m/viewjob?jk=d49dd41952a35dfd,IndeedScraperUSAEng_d49dd41952a35dfd,IndeedScraperUSAEng,Software Developer Data Analyst Project Manager,USA_ENGLISH,,FULLY_REMOTE
NEW,Senior Software Engineer I,LexisNexis,"Raleigh, NC 27606",2025-06-18,"And provides direct input to project plans, schedules, and methodology in the development of cross-functional software products. The Senior Software Python Engineer I role performs complex research,…","Job types: Full-time
Job types cc: Full-time",https://www.indeed.com/m/viewjob?jk=2e8d93ac520b74cd,IndeedScraperUSAEng_2e8d93ac520b74cd,IndeedScraperUSAEng,Software Developer Data Analyst Project Manager,USA_ENGLISH,,UNKNOWN
NEW,Business Analytics Senior Advisors- Hybrid,The Cigna Group,"Raleigh, NC 27607",2025-06-17,"Understand business problems brought by stakeholders and how best to utilize tools, technical expertise, and data analytics to develop appropriate solutions.","Job types: Full-time
Remote: Hybrid work
Benefits: Smoking cessation program
Job types cc: Full-time",https://www.indeed.com/m/viewjob?jk=581289b543c40601,IndeedScraperUSAEng_581289b543c40601,IndeedScraperUSAEng,Software Developer Data Analyst Project Manager,USA_ENGLISH,,TEMPORARILY_REMOTE
NEW,Senior Business Analyst,Advance Stores Company Inc (500),"Raleigh, NC 27609",2025-06-17,"Collaboration: Work with product owners, UX designers, business analysts, and developers to translate business requirements into solutions. Functional Issue Resolution: Apply business knowledge and…","Job types: Full-time
Job types cc: Full-time",https://www.indeed.com/m/viewjob?jk=47f269c760e4913d,IndeedScraperUSAEng_47f269c760e4913d,IndeedScraperUSAEng,Software Developer Data Analyst Project Manager,USA_ENGLISH,,UNKNOWN
NEW,Business Analyst III,First Citizens Bank,"Raleigh, NC 27609",2025-06-18,"May oversee the work of less experienced analysts or assist in special projects as needed. Data Analysis - Sources, compiles, and interprets data. Reporting - Produces reports based on data analysis,…","Job types: Contract
Job types cc: Contract
Schedules: Monday to Friday",https://www.indeed.com/m/viewjob?jk=bf5f489faec77b6a,IndeedScraperUSAEng_bf5f489faec77b6a,IndeedScraperUSAEng,Software Developer Data Analyst Project Manager,USA_ENGLISH,,UNKNOWN
NEW,Mobile Application Developer – TapGrid3402,Cox Automotive,"Raleigh, NC",2025-06-18,"Collaborate with UX/UI designers, product managers, and other developers to deliver seamless mobile solutions. At Cox Automotive, we’re transforming the way the world buys, sells, and owns vehicles.","Job types: Full-time
Benefits: Paid holidays, Health insurance, Dental insurance, Paid time off, Vision insurance, 401(k) matching, Opportunities for advancement, Life insurance
Job types cc: Full-time",https://www.indeed.com/m/viewjob?jk=cf8329ceebe122fe,IndeedScraperUSAEng_cf8329ceebe122fe,IndeedScraperUSAEng,Software Developer Data Analyst Project Manager,USA_ENGLISH,$115000 - $128000 yearly,UNKNOWN
NEW,Solution Architect - Nutanix Kubernetes Platform,Nutanix,"Durham, NC 27713",2025-06-18,"Collaborate with various Nutanix teams to showcase the Nutanix Kubernetes Platform (NKP) to potential clients in your assigned region, leading to increased interest and sales opportunities.","Job types: Full-time
Benefits: RSU, Paid time off, Parental leave
Job types cc: Full-time",https://www.indeed.com/m/viewjob?jk=eb049a50ded4bc8a,IndeedScraperUSAEng_eb049a50ded4bc8a,IndeedScraperUSAEng,Software Developer Data Analyst Project Manager,USA_ENGLISH,$196000 - $294000 yearly,UNKNOWN
NEW,"PLM Analyst, Programmer",Teleflex,"Morrisville, NC 27560",2025-06-18,Experience in other large scale projects or implementations may be considered in lieu of an Agile Project. Participate in projects and rollouts of the application (either on full-time or part-time…,"Job types: Part-time, Full-time
Job types cc: Part-time, Full-time",https://www.indeed.com/m/viewjob?jk=ab47719edbccebbe,IndeedScraperUSAEng_ab47719edbccebbe,IndeedScraperUSAEng,Software Developer Data Analyst Project Manager,USA_ENGLISH,,UNKNOWN
NEW,Sr. Software Developer (Messaging),Bandwidth,"Raleigh, NC",2025-06-19,Work closely with product managers to create solutions that deliver the power to communicate. Bandmates and managers are not allowed to interrupt your PTO – not even with email.,"Benefits: Health insurance, Dental insurance, Paid time off, Vision insurance",https://www.indeed.com/m/viewjob?jk=e97a6b0a37fbfb72,IndeedScraperUSAEng_e97a6b0a37fbfb72,IndeedScraperUSAEng,Software Developer Data Analyst Project Manager,USA_ENGLISH,,UNKNOWN
NEW,Full Stack Engineer,Piper Companies,"Cary, NC",2025-06-16,"Apply project management and SDLC processes for complex IT projects. The ideal candidate will have a strong background in software development, data processing, and cloud-based systems while…","Remote: Hybrid work
Benefits: Health insurance, Dental insurance, 401(k), Paid time off, Vision insurance",https://www.indeed.com/m/viewjob?jk=fa636de4fd04b082,IndeedScraperUSAEng_fa636de4fd04b082,IndeedScraperUSAEng,Software Developer Data Analyst Project Manager,USA_ENGLISH,$100000 - $142250 yearly,TEMPORARILY_REMOTE
NEW,Sr IT Project Mgr,TechEnrich LLC,"Raleigh, NC 27601",2025-06-18,"Establishing project governance, conducting formal presentations, coordinating with all project stakeholders and ensure that appropriate project controls are instituted. Pay: $62.00 per hour.","Job types: Contract
Shifts: 8 hour shift
Remote: Hybrid work
Job types cc: Contract
Schedules: 8 hour shift",https://www.indeed.com/m/viewjob?jk=69569449aaeb951a,IndeedScraperUSAEng_69569449aaeb951a,IndeedScraperUSAEng,Software Developer Data Analyst Project Manager,USA_ENGLISH,$62 - $62 hourly,TEMPORARILY_REMOTE
NEW,Business Analyst - Solutions Specialist,Kimley-Horn,"Raleigh, NC 27601",2025-06-19,"Lead cross-functional project teams to develop and execute projects that drive business impact. Ability to work in teams, manage projects and multitask. At Kimley-Horn, we do things differently.","Benefits: Profit sharing, Health insurance, Dental insurance, Tuition reimbursement, Vision insurance, 401(k) matching",https://www.indeed.com/m/viewjob?jk=8ef0512d5987cef3,IndeedScraperUSAEng_8ef0512d5987cef3,IndeedScraperUSAEng,Software Developer Data Analyst Project Manager,USA_ENGLISH,,UNKNOWN
NEW,Associate Software Engineer,"Red Hat, Inc.","Raleigh, NC 27601",2025-06-17,Red Hat's Automotive Kernel Engineering team is looking for a Software Engineer to join us on Red Hat's In-Vehicle Operating System deployments. In this role you will be part of a growing team focused…,"Job types: Full-time
Benefits: Paid parental leave, Health savings account, Employee stock purchase plan, Paid holidays, Disability insurance, Health insurance, Dental insurance, Flexible spending account, Tuition reimbursement, Military leave, Paid time off, Paid military leave, Parental leave, Employee assistance program, Vision insurance, 401(k) matching, Expense account
Job types cc: Full-time",https://www.indeed.com/m/viewjob?jk=3af33ebc7de20040,IndeedScraperUSAEng_3af33ebc7de20040,IndeedScraperUSAEng,Software Developer Data Analyst Project Manager,USA_ENGLISH,$75320 - $120480 yearly,UNKNOWN
NEW,Dealer Development Data Analyst,KIOTI Tractor,"Wendell, NC 27591",2025-06-18,At least 2 years of SQL experience to include data mapping and data validation. Ability to translate data and provide actionable insights. Translate data findings into concise content recommendations…,"Job types: Full-time
Job types cc: Full-time",https://www.indeed.com/m/viewjob?jk=66fdd8a96710de8c,IndeedScraperUSAEng_66fdd8a96710de8c,IndeedScraperUSAEng,Software Developer Data Analyst Project Manager,USA_ENGLISH,,UNKNOWN
NEW,Embedded Software Architect,Eaton,"Raleigh, NC 27615",2025-06-19,"Work with global software team members to develop products and achieve software releases. Keep track of latest embedded software strategies, processes and tools. Experience working with global teams.","Remote: Hybrid work
Benefits: Paid parental leave, Paid holidays, Health insurance, Dental insurance, Tuition reimbursement, Work from home, Parental leave, Opportunities for advancement
Schedules: Choose your own hours",https://www.indeed.com/m/viewjob?jk=92942308efd12454,IndeedScraperUSAEng_92942308efd12454,IndeedScraperUSAEng,Software Developer Data Analyst Project Manager,USA_ENGLISH,$115499 - $169399 yearly,TEMPORARILY_REMOTE
NEW,Software Engineer II - FrontEnd (Remote),First Citizens Bank,"Raleigh, NC",2025-06-19,"Collaborate with product managers, analysts, developers, testers, and other cross-functional teams to define and implement solutions. Bachelor's Degree and 2 years of experience in Application…","Remote: Remote
Schedules: Monday to Friday",https://www.indeed.com/m/viewjob?jk=57c8c82df0800e98,IndeedScraperUSAEng_57c8c82df0800e98,IndeedScraperUSAEng,Software Developer Data Analyst Project Manager,USA_ENGLISH,,FULLY_REMOTE
NEW,Principal Embedded Software Engineer (QT Framework),BAXTER,"Raleigh, NC",2025-06-18,"Baxter offers comprehensive compensation and benefits packages for eligible roles. Our health and well-being benefits include medical and dental coverage that start on day one, as well as insurance…","Job types: Full-time
Benefits: Paid parental leave, Employee stock purchase plan, Paid holidays, Disability insurance, Health insurance, Dental insurance, 401(k), Flexible spending account, Tuition reimbursement, Paid time off, Parental leave, Employee assistance program, Employee discount
Job types cc: Full-time",https://www.indeed.com/m/viewjob?jk=823b25a76f11ddac,IndeedScraperUSAEng_823b25a76f11ddac,IndeedScraperUSAEng,Software Developer Data Analyst Project Manager,USA_ENGLISH,,UNKNOWN
NEW,Angular Developer,ZENOTIS TECHNOLOGY PVT LTD,"Raleigh, NC",2025-06-16,"Location: Jefferson City, MO OR Raleigh, NC (Onsite- 5 days in a week).. Note: Share only local candidates. Client round will be in person.. 8-10 years of development experience with the .","Job types: Full-time, Contract
Shifts: 8 hour shift
Benefits: Health insurance, Dental insurance, 401(k), Paid time off, Vision insurance
Job types cc: Full-time, Contract
Schedules: 8 hour shift",https://www.indeed.com/m/viewjob?jk=29163687eba9a452,IndeedScraperUSAEng_29163687eba9a452,IndeedScraperUSAEng,Software Developer Data Analyst Project Manager,USA_ENGLISH,$55 - $60 hourly,UNKNOWN
